participantId,langAbv,lang,trialNum,termNum,colorNum,name,displayName,match,colorSpace,r,g,b,rgbSet,studyVersion,instructionsLocale,browserLocale,background
4b350c92-ff89-48bd-b92f-a71c16bc51fa,zh,"Chinese (中文 (Zhōngwén), 汉语, 漢語)",1,0,0,亮紫,亮紫色,no,p3,0.882032,0.0831988,0.235605,full,2.0.2,en,en,black
4b350c92-ff89-48bd-b92f-a71c16bc51fa,zh,"Chinese (中文 (Zhōngwén), 汉语, 漢語)",1,0,1,亮紫,亮紫色,no,p3,0.0474595,0.104568,0.126943,full,2.0.2,en,en,black
4b350c92-ff89-48bd-b92f-a71c16bc51fa,zh,"Chinese (中文 (Zhōngwén), 汉语, 漢語)",1,0,2,亮紫,亮紫色,no,p3,0.927681,0.403266,0.296178,full,2.0.2,en,en,black
4b350c92-ff89-48bd-b92f-a71c16bc51fa,zh,"Chinese (中文 (Zhōngwén), 汉语, 漢語)",1,0,3,亮紫,亮紫色,no,p3,0.65651,0.178493,0.318083,full,2.0.2,en,en,black
4b350c92-ff89-48bd-b92f-a71c16bc51fa,zh,"Chinese (中文 (Zhōngwén), 汉语, 漢語)",1,0,4,亮紫,亮紫色,yes,p3,0.876651,0.31312,0.930885,full,2.0.2,en,en,black
4b350c92-ff89-48bd-b92f-a71c16bc51fa,zh,"Chinese (中文 (Zhōngwén), 汉语, 漢語)",1,0,5,亮紫,亮紫色,no,p3,0.342428,0.110808,0.281124,full,2.0.2,en,en,black
4b350c92-ff89-48bd-b92f-a71c16bc51fa,zh,"Chinese (中文 (Zhōngwén), 汉语, 漢語)",1,0,6,亮紫,亮紫色,no,p3,0.90332,0.512507,0.770994,full,2.0.2,en,en,black
4b350c92-ff89-48bd-b92f-a71c16bc51fa,zh,"Chinese (中文 (Zhōngwén), 汉语, 漢語)",1,0,7,亮紫,亮紫色,no,p3,0.131837,0.26627,0.0906266,full,2.0.2,en,en,black
4b350c92-ff89-48bd-b92f-a71c16bc51fa,zh,"Chinese (中文 (Zhōngwén), 汉语, 漢語)",1,1,0,深紫,深紫色,no,p3,0.882032,0.0831988,0.235605,full,2.0.2,en,en,black
4b350c92-ff89-48bd-b92f-a71c16bc51fa,zh,"Chinese (中文 (Zhōngwén), 汉语, 漢語)",1,1,1,深紫,深紫色,no,p3,0.0474595,0.104568,0.126943,full,2.0.2,en,en,black
4b350c92-ff89-48bd-b92f-a71c16bc51fa,zh,"Chinese (中文 (Zhōngwén), 汉语, 漢語)",1,1,2,深紫,深紫色,no,p3,0.927681,0.403266,0.296178,full,2.0.2,en,en,black
4b350c92-ff89-48bd-b92f-a71c16bc51fa,zh,"Chinese (中文 (Zhōngwén), 汉语, 漢語)",1,1,3,深紫,深紫色,no,p3,0.65651,0.178493,0.318083,full,2.0.2,en,en,black
4b350c92-ff89-48bd-b92f-a71c16bc51fa,zh,"Chinese (中文 (Zhōngwén), 汉语, 漢語)",1,1,4,深紫,深紫色,no,p3,0.876651,0.31312,0.930885,full,2.0.2,en,en,black
4b350c92-ff89-48bd-b92f-a71c16bc51fa,zh,"Chinese (中文 (Zhōngwén), 汉语, 漢語)",1,1,5,深紫,深紫色,yes,p3,0.342428,0.110808,0.281124,full,2.0.2,en,en,black
4b350c92-ff89-48bd-b92f-a71c16bc51fa,zh,"Chinese (中文 (Zhōngwén), 汉语, 漢語)",1,1,6,深紫,深紫色,no,p3,0.90332,0.512507,0.770994,full,2.0.2,en,en,black
4b350c92-ff89-48bd-b92f-a71c16bc51fa,zh,"Chinese (中文 (Zhōngwén), 汉语, 漢語)",1,1,7,深紫,深紫色,no,p3,0.131837,0.26627,0.0906266,full,2.0.2,en,en,black
4b350c92-ff89-48bd-b92f-a71c16bc51fa,zh,"Chinese (中文 (Zhōngwén), 汉语, 漢語)",1,2,0,粉紫,粉紫色,no,p3,0.882032,0.0831988,0.235605,full,2.0.2,en,en,black
4b350c92-ff89-48bd-b92f-a71c16bc51fa,zh,"Chinese (中文 (Zhōngwén), 汉语, 漢語)",1,2,1,粉紫,粉紫色,no,p3,0.0474595,0.104568,0.126943,full,2.0.2,en,en,black
4b350c92-ff89-48bd-b92f-a71c16bc51fa,zh,"Chinese (中文 (Zhōngwén), 汉语, 漢語)",1,2,2,粉紫,粉紫色,no,p3,0.927681,0.403266,0.296178,full,2.0.2,en,en,black
4b350c92-ff89-48bd-b92f-a71c16bc51fa,zh,"Chinese (中文 (Zhōngwén), 汉语, 漢語)",1,2,3,粉紫,粉紫色,no,p3,0.65651,0.178493,0.318083,full,2.0.2,en,en,black
4b350c92-ff89-48bd-b92f-a71c16bc51fa,zh,"Chinese (中文 (Zhōngwén), 汉语, 漢語)",1,2,4,粉紫,粉紫色,yes,p3,0.876651,0.31312,0.930885,full,2.0.2,en,en,black
4b350c92-ff89-48bd-b92f-a71c16bc51fa,zh,"Chinese (中文 (Zhōngwén), 汉语, 漢語)",1,2,5,粉紫,粉紫色,no,p3,0.342428,0.110808,0.281124,full,2.0.2,en,en,black
4b350c92-ff89-48bd-b92f-a71c16bc51fa,zh,"Chinese (中文 (Zhōngwén), 汉语, 漢語)",1,2,6,粉紫,粉紫色,no,p3,0.90332,0.512507,0.770994,full,2.0.2,en,en,black
4b350c92-ff89-48bd-b92f-a71c16bc51fa,zh,"Chinese (中文 (Zhōngwén), 汉语, 漢語)",1,2,7,粉紫,粉紫色,no,p3,0.131837,0.26627,0.0906266,full,2.0.2,en,en,black
4b350c92-ff89-48bd-b92f-a71c16bc51fa,zh,"Chinese (中文 (Zhōngwén), 汉语, 漢語)",1,3,0,淡蓝,淡蓝色,no,p3,0.882032,0.0831988,0.235605,full,2.0.2,en,en,black
4b350c92-ff89-48bd-b92f-a71c16bc51fa,zh,"Chinese (中文 (Zhōngwén), 汉语, 漢語)",1,3,1,淡蓝,淡蓝色,no,p3,0.0474595,0.104568,0.126943,full,2.0.2,en,en,black
4b350c92-ff89-48bd-b92f-a71c16bc51fa,zh,"Chinese (中文 (Zhōngwén), 汉语, 漢語)",1,3,2,淡蓝,淡蓝色,no,p3,0.927681,0.403266,0.296178,full,2.0.2,en,en,black
4b350c92-ff89-48bd-b92f-a71c16bc51fa,zh,"Chinese (中文 (Zhōngwén), 汉语, 漢語)",1,3,3,淡蓝,淡蓝色,no,p3,0.65651,0.178493,0.318083,full,2.0.2,en,en,black
4b350c92-ff89-48bd-b92f-a71c16bc51fa,zh,"Chinese (中文 (Zhōngwén), 汉语, 漢語)",1,3,4,淡蓝,淡蓝色,no,p3,0.876651,0.31312,0.930885,full,2.0.2,en,en,black
4b350c92-ff89-48bd-b92f-a71c16bc51fa,zh,"Chinese (中文 (Zhōngwén), 汉语, 漢語)",1,3,5,淡蓝,淡蓝色,no,p3,0.342428,0.110808,0.281124,full,2.0.2,en,en,black
4b350c92-ff89-48bd-b92f-a71c16bc51fa,zh,"Chinese (中文 (Zhōngwén), 汉语, 漢語)",1,3,6,淡蓝,淡蓝色,no,p3,0.90332,0.512507,0.770994,full,2.0.2,en,en,black
4b350c92-ff89-48bd-b92f-a71c16bc51fa,zh,"Chinese (中文 (Zhōngwén), 汉语, 漢語)",1,3,7,淡蓝,淡蓝色,no,p3,0.131837,0.26627,0.0906266,full,2.0.2,en,en,black
c1607edd-01ce-4f5f-be9a-e3c32683a543,zh,"Chinese (中文 (Zhōngwén), 汉语, 漢語)",1,0,0,绿,绿色,yes,rgb,120,244,133,full,2.0.3,en,zh,white
c1607edd-01ce-4f5f-be9a-e3c32683a543,zh,"Chinese (中文 (Zhōngwén), 汉语, 漢語)",1,0,1,绿,绿色,no,rgb,190,113,243,full,2.0.3,en,zh,white
c1607edd-01ce-4f5f-be9a-e3c32683a543,zh,"Chinese (中文 (Zhōngwén), 汉语, 漢語)",1,0,2,绿,绿色,no,rgb,152,179,192,full,2.0.3,en,zh,white
c1607edd-01ce-4f5f-be9a-e3c32683a543,zh,"Chinese (中文 (Zhōngwén), 汉语, 漢語)",1,0,3,绿,绿色,yes,rgb,99,239,126,full,2.0.3,en,zh,white
c1607edd-01ce-4f5f-be9a-e3c32683a543,zh,"Chinese (中文 (Zhōngwén), 汉语, 漢語)",1,0,4,绿,绿色,no,rgb,238,56,204,full,2.0.3,en,zh,white
c1607edd-01ce-4f5f-be9a-e3c32683a543,zh,"Chinese (中文 (Zhōngwén), 汉语, 漢語)",1,0,5,绿,绿色,no,rgb,38,60,54,full,2.0.3,en,zh,white
c1607edd-01ce-4f5f-be9a-e3c32683a543,zh,"Chinese (中文 (Zhōngwén), 汉语, 漢語)",1,0,6,绿,绿色,no,rgb,202,218,220,full,2.0.3,en,zh,white
c1607edd-01ce-4f5f-be9a-e3c32683a543,zh,"Chinese (中文 (Zhōngwén), 汉语, 漢語)",1,0,7,绿,绿色,no,rgb,140,102,216,full,2.0.3,en,zh,white
c1607edd-01ce-4f5f-be9a-e3c32683a543,zh,"Chinese (中文 (Zhōngwén), 汉语, 漢語)",1,1,0,黄绿,黄绿色,no,rgb,120,244,133,full,2.0.3,en,zh,white
c1607edd-01ce-4f5f-be9a-e3c32683a543,zh,"Chinese (中文 (Zhōngwén), 汉语, 漢語)",1,1,1,黄绿,黄绿色,no,rgb,190,113,243,full,2.0.3,en,zh,white
c1607edd-01ce-4f5f-be9a-e3c32683a543,zh,"Chinese (中文 (Zhōngwén), 汉语, 漢語)",1,1,2,黄绿,黄绿色,no,rgb,152,179,192,full,2.0.3,en,zh,white
c1607edd-01ce-4f5f-be9a-e3c32683a543,zh,"Chinese (中文 (Zhōngwén), 汉语, 漢語)",1,1,3,黄绿,黄绿色,no,rgb,99,239,126,full,2.0.3,en,zh,white
c1607edd-01ce-4f5f-be9a-e3c32683a543,zh,"Chinese (中文 (Zhōngwén), 汉语, 漢語)",1,1,4,黄绿,黄绿色,no,rgb,238,56,204,full,2.0.3,en,zh,white
c1607edd-01ce-4f5f-be9a-e3c32683a543,zh,"Chinese (中文 (Zhōngwén), 汉语, 漢語)",1,1,5,黄绿,黄绿色,no,rgb,38,60,54,full,2.0.3,en,zh,white
c1607edd-01ce-4f5f-be9a-e3c32683a543,zh,"Chinese (中文 (Zhōngwén), 汉语, 漢語)",1,1,6,黄绿,黄绿色,no,rgb,202,218,220,full,2.0.3,en,zh,white
c1607edd-01ce-4f5f-be9a-e3c32683a543,zh,"Chinese (中文 (Zhōngwén), 汉语, 漢語)",1,1,7,黄绿,黄绿色,no,rgb,140,102,216,full,2.0.3,en,zh,white
c1607edd-01ce-4f5f-be9a-e3c32683a543,zh,"Chinese (中文 (Zhōngwén), 汉语, 漢語)",1,2,0,粉红,粉红色,no,rgb,120,244,133,full,2.0.3,en,zh,white
c1607edd-01ce-4f5f-be9a-e3c32683a543,zh,"Chinese (中文 (Zhōngwén), 汉语, 漢語)",1,2,1,粉红,粉红色,no,rgb,190,113,243,full,2.0.3,en,zh,white
c1607edd-01ce-4f5f-be9a-e3c32683a543,zh,"Chinese (中文 (Zhōngwén), 汉语, 漢語)",1,2,2,粉红,粉红色,no,rgb,152,179,192,full,2.0.3,en,zh,white
c1607edd-01ce-4f5f-be9a-e3c32683a543,zh,"Chinese (中文 (Zhōngwén), 汉语, 漢語)",1,2,3,粉红,粉红色,no,rgb,99,239,126,full,2.0.3,en,zh,white
c1607edd-01ce-4f5f-be9a-e3c32683a543,zh,"Chinese (中文 (Zhōngwén), 汉语, 漢語)",1,2,4,粉红,粉红色,yes,rgb,238,56,204,full,2.0.3,en,zh,white
c1607edd-01ce-4f5f-be9a-e3c32683a543,zh,"Chinese (中文 (Zhōngwén), 汉语, 漢語)",1,2,5,粉红,粉红色,no,rgb,38,60,54,full,2.0.3,en,zh,white
c1607edd-01ce-4f5f-be9a-e3c32683a543,zh,"Chinese (中文 (Zhōngwén), 汉语, 漢語)",1,2,6,粉红,粉红色,no,rgb,202,218,220,full,2.0.3,en,zh,white
c1607edd-01ce-4f5f-be9a-e3c32683a543,zh,"Chinese (中文 (Zhōngwén), 汉语, 漢語)",1,2,7,粉红,粉红色,no,rgb,140,102,216,full,2.0.3,en,zh,white
c1607edd-01ce-4f5f-be9a-e3c32683a543,zh,"Chinese (中文 (Zhōngwén), 汉语, 漢語)",1,3,0,肉,肉色,no,rgb,120,244,133,full,2.0.3,en,zh,white
c1607edd-01ce-4f5f-be9a-e3c32683a543,zh,"Chinese (中文 (Zhōngwén), 汉语, 漢語)",1,3,1,肉,肉色,no,rgb,190,113,243,full,2.0.3,en,zh,white
c1607edd-01ce-4f5f-be9a-e3c32683a543,zh,"Chinese (中文 (Zhōngwén), 汉语, 漢語)",1,3,2,肉,肉色,no,rgb,152,179,192,full,2.0.3,en,zh,white
c1607edd-01ce-4f5f-be9a-e3c32683a543,zh,"Chinese (中文 (Zhōngwén), 汉语, 漢語)",1,3,3,肉,肉色,no,rgb,99,239,126,full,2.0.3,en,zh,white
c1607edd-01ce-4f5f-be9a-e3c32683a543,zh,"Chinese (中文 (Zhōngwén), 汉语, 漢語)",1,3,4,肉,肉色,no,rgb,238,56,204,full,2.0.3,en,zh,white
c1607edd-01ce-4f5f-be9a-e3c32683a543,zh,"Chinese (中文 (Zhōngwén), 汉语, 漢語)",1,3,5,肉,肉色,no,rgb,38,60,54,full,2.0.3,en,zh,white
c1607edd-01ce-4f5f-be9a-e3c32683a543,zh,"Chinese (中文 (Zhōngwén), 汉语, 漢語)",1,3,6,肉,肉色,no,rgb,202,218,220,full,2.0.3,en,zh,white
c1607edd-01ce-4f5f-be9a-e3c32683a543,zh,"Chinese (中文 (Zhōngwén), 汉语, 漢語)",1,3,7,肉,肉色,no,rgb,140,102,216,full,2.0.3,en,zh,white
c1607edd-01ce-4f5f-be9a-e3c32683a543,zh,"Chinese (中文 (Zhōngwén), 汉语, 漢語)",3,0,0,浅绿,浅绿色,no,rgb,166,24,172,full,2.0.3,en,zh,white
c1607edd-01ce-4f5f-be9a-e3c32683a543,zh,"Chinese (中文 (Zhōngwén), 汉语, 漢語)",3,0,1,浅绿,浅绿色,no,rgb,203,192,200,full,2.0.3,en,zh,white
c1607edd-01ce-4f5f-be9a-e3c32683a543,zh,"Chinese (中文 (Zhōngwén), 汉语, 漢語)",3,0,2,浅绿,浅绿色,no,rgb,122,41,190,full,2.0.3,en,zh,white
c1607edd-01ce-4f5f-be9a-e3c32683a543,zh,"Chinese (中文 (Zhōngwén), 汉语, 漢語)",3,0,3,浅绿,浅绿色,no,rgb,32,54,38,full,2.0.3,en,zh,white
c1607edd-01ce-4f5f-be9a-e3c32683a543,zh,"Chinese (中文 (Zhōngwén), 汉语, 漢語)",3,0,4,浅绿,浅绿色,no,rgb,153,86,107,full,2.0.3,en,zh,white
c1607edd-01ce-4f5f-be9a-e3c32683a543,zh,"Chinese (中文 (Zhōngwén), 汉语, 漢語)",3,0,5,浅绿,浅绿色,no,rgb,4,20,36,full,2.0.3,en,zh,white
c1607edd-01ce-4f5f-be9a-e3c32683a543,zh,"Chinese (中文 (Zhōngwén), 汉语, 漢語)",3,0,6,浅绿,浅绿色,no,rgb,37,75,161,full,2.0.3,en,zh,white
c1607edd-01ce-4f5f-be9a-e3c32683a543,zh,"Chinese (中文 (Zhōngwén), 汉语, 漢語)",3,0,7,浅绿,浅绿色,no,rgb,246,207,200,full,2.0.3,en,zh,white
c1607edd-01ce-4f5f-be9a-e3c32683a543,zh,"Chinese (中文 (Zhōngwén), 汉语, 漢語)",3,1,0,灰蓝,灰蓝色,no,rgb,166,24,172,full,2.0.3,en,zh,white
c1607edd-01ce-4f5f-be9a-e3c32683a543,zh,"Chinese (中文 (Zhōngwén), 汉语, 漢語)",3,1,1,灰蓝,灰蓝色,no,rgb,203,192,200,full,2.0.3,en,zh,white
c1607edd-01ce-4f5f-be9a-e3c32683a543,zh,"Chinese (中文 (Zhōngwén), 汉语, 漢語)",3,1,2,灰蓝,灰蓝色,no,rgb,122,41,190,full,2.0.3,en,zh,white
c1607edd-01ce-4f5f-be9a-e3c32683a543,zh,"Chinese (中文 (Zhōngwén), 汉语, 漢語)",3,1,3,灰蓝,灰蓝色,no,rgb,32,54,38,full,2.0.3,en,zh,white
c1607edd-01ce-4f5f-be9a-e3c32683a543,zh,"Chinese (中文 (Zhōngwén), 汉语, 漢語)",3,1,4,灰蓝,灰蓝色,no,rgb,153,86,107,full,2.0.3,en,zh,white
c1607edd-01ce-4f5f-be9a-e3c32683a543,zh,"Chinese (中文 (Zhōngwén), 汉语, 漢語)",3,1,5,灰蓝,灰蓝色,no,rgb,4,20,36,full,2.0.3,en,zh,white
c1607edd-01ce-4f5f-be9a-e3c32683a543,zh,"Chinese (中文 (Zhōngwén), 汉语, 漢語)",3,1,6,灰蓝,灰蓝色,idk,rgb,37,75,161,full,2.0.3,en,zh,white
c1607edd-01ce-4f5f-be9a-e3c32683a543,zh,"Chinese (中文 (Zhōngwén), 汉语, 漢語)",3,1,7,灰蓝,灰蓝色,no,rgb,246,207,200,full,2.0.3,en,zh,white
c1607edd-01ce-4f5f-be9a-e3c32683a543,zh,"Chinese (中文 (Zhōngwén), 汉语, 漢語)",3,2,0,翠绿,翠绿色,no,rgb,166,24,172,full,2.0.3,en,zh,white
c1607edd-01ce-4f5f-be9a-e3c32683a543,zh,"Chinese (中文 (Zhōngwén), 汉语, 漢語)",3,2,1,翠绿,翠绿色,no,rgb,203,192,200,full,2.0.3,en,zh,white
c1607edd-01ce-4f5f-be9a-e3c32683a543,zh,"Chinese (中文 (Zhōngwén), 汉语, 漢語)",3,2,2,翠绿,翠绿色,no,rgb,122,41,190,full,2.0.3,en,zh,white
c1607edd-01ce-4f5f-be9a-e3c32683a543,zh,"Chinese (中文 (Zhōngwén), 汉语, 漢語)",3,2,3,翠绿,翠绿色,no,rgb,32,54,38,full,2.0.3,en,zh,white
c1607edd-01ce-4f5f-be9a-e3c32683a543,zh,"Chinese (中文 (Zhōngwén), 汉语, 漢語)",3,2,4,翠绿,翠绿色,no,rgb,153,86,107,full,2.0.3,en,zh,white
c1607edd-01ce-4f5f-be9a-e3c32683a543,zh,"Chinese (中文 (Zhōngwén), 汉语, 漢語)",3,2,5,翠绿,翠绿色,no,rgb,4,20,36,full,2.0.3,en,zh,white
c1607edd-01ce-4f5f-be9a-e3c32683a543,zh,"Chinese (中文 (Zhōngwén), 汉语, 漢語)",3,2,6,翠绿,翠绿色,no,rgb,37,75,161,full,2.0.3,en,zh,white
c1607edd-01ce-4f5f-be9a-e3c32683a543,zh,"Chinese (中文 (Zhōngwén), 汉语, 漢語)",3,2,7,翠绿,翠绿色,no,rgb,246,207,200,full,2.0.3,en,zh,white
c1607edd-01ce-4f5f-be9a-e3c32683a543,zh,"Chinese (中文 (Zhōngwén), 汉语, 漢語)",3,3,0,深蓝,深蓝色,no,rgb,166,24,172,full,2.0.3,en,zh,white
c1607edd-01ce-4f5f-be9a-e3c32683a543,zh,"Chinese (中文 (Zhōngwén), 汉语, 漢語)",3,3,1,深蓝,深蓝色,no,rgb,203,192,200,full,2.0.3,en,zh,white
c1607edd-01ce-4f5f-be9a-e3c32683a543,zh,"Chinese (中文 (Zhōngwén), 汉语, 漢語)",3,3,2,深蓝,深蓝色,no,rgb,122,41,190,full,2.0.3,en,zh,white
c1607edd-01ce-4f5f-be9a-e3c32683a543,zh,"Chinese (中文 (Zhōngwén), 汉语, 漢語)",3,3,3,深蓝,深蓝色,no,rgb,32,54,38,full,2.0.3,en,zh,white
c1607edd-01ce-4f5f-be9a-e3c32683a543,zh,"Chinese (中文 (Zhōngwén), 汉语, 漢語)",3,3,4,深蓝,深蓝色,no,rgb,153,86,107,full,2.0.3,en,zh,white
c1607edd-01ce-4f5f-be9a-e3c32683a543,zh,"Chinese (中文 (Zhōngwén), 汉语, 漢語)",3,3,5,深蓝,深蓝色,no,rgb,4,20,36,full,2.0.3,en,zh,white
c1607edd-01ce-4f5f-be9a-e3c32683a543,zh,"Chinese (中文 (Zhōngwén), 汉语, 漢語)",3,3,6,深蓝,深蓝色,yes,rgb,37,75,161,full,2.0.3,en,zh,white
c1607edd-01ce-4f5f-be9a-e3c32683a543,zh,"Chinese (中文 (Zhōngwén), 汉语, 漢語)",3,3,7,深蓝,深蓝色,no,rgb,246,207,200,full,2.0.3,en,zh,white
c1607edd-01ce-4f5f-be9a-e3c32683a543,zh,"Chinese (中文 (Zhōngwén), 汉语, 漢語)",5,0,0,紫红,紫红色,no,rgb,69,195,93,full,2.0.3,en,zh,white
c1607edd-01ce-4f5f-be9a-e3c32683a543,zh,"Chinese (中文 (Zhōngwén), 汉语, 漢語)",5,0,1,紫红,紫红色,somewhat,rgb,119,63,128,full,2.0.3,en,zh,white
c1607edd-01ce-4f5f-be9a-e3c32683a543,zh,"Chinese (中文 (Zhōngwén), 汉语, 漢語)",5,0,2,紫红,紫红色,no,rgb,212,145,99,full,2.0.3,en,zh,white
c1607edd-01ce-4f5f-be9a-e3c32683a543,zh,"Chinese (中文 (Zhōngwén), 汉语, 漢語)",5,0,3,紫红,紫红色,no,rgb,49,49,121,full,2.0.3,en,zh,white
c1607edd-01ce-4f5f-be9a-e3c32683a543,zh,"Chinese (中文 (Zhōngwén), 汉语, 漢語)",5,0,4,紫红,紫红色,idk,rgb,93,39,136,full,2.0.3,en,zh,white
c1607edd-01ce-4f5f-be9a-e3c32683a543,zh,"Chinese (中文 (Zhōngwén), 汉语, 漢語)",5,0,5,紫红,紫红色,no,rgb,191,137,133,full,2.0.3,en,zh,white
c1607edd-01ce-4f5f-be9a-e3c32683a543,zh,"Chinese (中文 (Zhōngwén), 汉语, 漢語)",5,0,6,紫红,紫红色,no,rgb,129,205,78,full,2.0.3,en,zh,white
c1607edd-01ce-4f5f-be9a-e3c32683a543,zh,"Chinese (中文 (Zhōngwén), 汉语, 漢語)",5,0,7,紫红,紫红色,no,rgb,249,218,150,full,2.0.3,en,zh,white
c1607edd-01ce-4f5f-be9a-e3c32683a543,zh,"Chinese (中文 (Zhōngwén), 汉语, 漢語)",5,1,0,玫红,玫红色,no,rgb,69,195,93,full,2.0.3,en,zh,white
c1607edd-01ce-4f5f-be9a-e3c32683a543,zh,"Chinese (中文 (Zhōngwén), 汉语, 漢語)",5,1,1,玫红,玫红色,somewhat,rgb,119,63,128,full,2.0.3,en,zh,white
c1607edd-01ce-4f5f-be9a-e3c32683a543,zh,"Chinese (中文 (Zhōngwén), 汉语, 漢語)",5,1,2,玫红,玫红色,no,rgb,212,145,99,full,2.0.3,en,zh,white
c1607edd-01ce-4f5f-be9a-e3c32683a543,zh,"Chinese (中文 (Zhōngwén), 汉语, 漢語)",5,1,3,玫红,玫红色,no,rgb,49,49,121,full,2.0.3,en,zh,white
c1607edd-01ce-4f5f-be9a-e3c32683a543,zh,"Chinese (中文 (Zhōngwén), 汉语, 漢語)",5,1,4,玫红,玫红色,somewhat,rgb,93,39,136,full,2.0.3,en,zh,white
c1607edd-01ce-4f5f-be9a-e3c32683a543,zh,"Chinese (中文 (Zhōngwén), 汉语, 漢語)",5,1,5,玫红,玫红色,no,rgb,191,137,133,full,2.0.3,en,zh,white
c1607edd-01ce-4f5f-be9a-e3c32683a543,zh,"Chinese (中文 (Zhōngwén), 汉语, 漢語)",5,1,6,玫红,玫红色,no,rgb,129,205,78,full,2.0.3,en,zh,white
c1607edd-01ce-4f5f-be9a-e3c32683a543,zh,"Chinese (中文 (Zhōngwén), 汉语, 漢語)",5,1,7,玫红,玫红色,no,rgb,249,218,150,full,2.0.3,en,zh,white
c1607edd-01ce-4f5f-be9a-e3c32683a543,zh,"Chinese (中文 (Zhōngwén), 汉语, 漢語)",5,2,0,蓝,蓝色,no,rgb,69,195,93,full,2.0.3,en,zh,white
c1607edd-01ce-4f5f-be9a-e3c32683a543,zh,"Chinese (中文 (Zhōngwén), 汉语, 漢語)",5,2,1,蓝,蓝色,no,rgb,119,63,128,full,2.0.3,en,zh,white
c1607edd-01ce-4f5f-be9a-e3c32683a543,zh,"Chinese (中文 (Zhōngwén), 汉语, 漢語)",5,2,2,蓝,蓝色,no,rgb,212,145,99,full,2.0.3,en,zh,white
c1607edd-01ce-4f5f-be9a-e3c32683a543,zh,"Chinese (中文 (Zhōngwén), 汉语, 漢語)",5,2,3,蓝,蓝色,somewhat,rgb,49,49,121,full,2.0.3,en,zh,white
c1607edd-01ce-4f5f-be9a-e3c32683a543,zh,"Chinese (中文 (Zhōngwén), 汉语, 漢語)",5,2,4,蓝,蓝色,no,rgb,93,39,136,full,2.0.3,en,zh,white
c1607edd-01ce-4f5f-be9a-e3c32683a543,zh,"Chinese (中文 (Zhōngwén), 汉语, 漢語)",5,2,5,蓝,蓝色,no,rgb,191,137,133,full,2.0.3,en,zh,white
c1607edd-01ce-4f5f-be9a-e3c32683a543,zh,"Chinese (中文 (Zhōngwén), 汉语, 漢語)",5,2,6,蓝,蓝色,no,rgb,129,205,78,full,2.0.3,en,zh,white
c1607edd-01ce-4f5f-be9a-e3c32683a543,zh,"Chinese (中文 (Zhōngwén), 汉语, 漢語)",5,2,7,蓝,蓝色,no,rgb,249,218,150,full,2.0.3,en,zh,white
c1607edd-01ce-4f5f-be9a-e3c32683a543,zh,"Chinese (中文 (Zhōngwén), 汉语, 漢語)",5,3,0,深紫,深紫色,no,rgb,69,195,93,full,2.0.3,en,zh,white
c1607edd-01ce-4f5f-be9a-e3c32683a543,zh,"Chinese (中文 (Zhōngwén), 汉语, 漢語)",5,3,1,深紫,深紫色,somewhat,rgb,119,63,128,full,2.0.3,en,zh,white
c1607edd-01ce-4f5f-be9a-e3c32683a543,zh,"Chinese (中文 (Zhōngwén), 汉语, 漢語)",5,3,2,深紫,深紫色,no,rgb,212,145,99,full,2.0.3,en,zh,white
c1607edd-01ce-4f5f-be9a-e3c32683a543,zh,"Chinese (中文 (Zhōngwén), 汉语, 漢語)",5,3,3,深紫,深紫色,no,rgb,49,49,121,full,2.0.3,en,zh,white
c1607edd-01ce-4f5f-be9a-e3c32683a543,zh,"Chinese (中文 (Zhōngwén), 汉语, 漢語)",5,3,4,深紫,深紫色,somewhat,rgb,93,39,136,full,2.0.3,en,zh,white
c1607edd-01ce-4f5f-be9a-e3c32683a543,zh,"Chinese (中文 (Zhōngwén), 汉语, 漢語)",5,3,5,深紫,深紫色,no,rgb,191,137,133,full,2.0.3,en,zh,white
c1607edd-01ce-4f5f-be9a-e3c32683a543,zh,"Chinese (中文 (Zhōngwén), 汉语, 漢語)",5,3,6,深紫,深紫色,no,rgb,129,205,78,full,2.0.3,en,zh,white
c1607edd-01ce-4f5f-be9a-e3c32683a543,zh,"Chinese (中文 (Zhōngwén), 汉语, 漢語)",5,3,7,深紫,深紫色,no,rgb,249,218,150,full,2.0.3,en,zh,white
1dd9b96e-c7cb-476c-a7c7-4bfdf906b76f,zh,"Chinese (中文 (Zhōngwén), 汉语, 漢語)",1,0,0,草绿,草绿色,no,p3,0.706139,0.751631,0.849748,full,2.0.3,en,zh,white
1dd9b96e-c7cb-476c-a7c7-4bfdf906b76f,zh,"Chinese (中文 (Zhōngwén), 汉语, 漢語)",1,0,1,草绿,草绿色,no,p3,0.156218,0.558607,0.490677,full,2.0.3,en,zh,white
1dd9b96e-c7cb-476c-a7c7-4bfdf906b76f,zh,"Chinese (中文 (Zhōngwén), 汉语, 漢語)",1,0,2,草绿,草绿色,yes,p3,0.707764,0.983289,0.297652,full,2.0.3,en,zh,white
1dd9b96e-c7cb-476c-a7c7-4bfdf906b76f,zh,"Chinese (中文 (Zhōngwén), 汉语, 漢語)",1,0,3,草绿,草绿色,no,p3,0.745112,0.127874,0.425116,full,2.0.3,en,zh,white
1dd9b96e-c7cb-476c-a7c7-4bfdf906b76f,zh,"Chinese (中文 (Zhōngwén), 汉语, 漢語)",1,0,4,草绿,草绿色,no,p3,0.54019,0.559061,0.498722,full,2.0.3,en,zh,white
1dd9b96e-c7cb-476c-a7c7-4bfdf906b76f,zh,"Chinese (中文 (Zhōngwén), 汉语, 漢語)",1,0,5,草绿,草绿色,no,p3,0.745702,0.185472,0.957348,full,2.0.3,en,zh,white
1dd9b96e-c7cb-476c-a7c7-4bfdf906b76f,zh,"Chinese (中文 (Zhōngwén), 汉语, 漢語)",1,0,6,草绿,草绿色,no,p3,0.0456792,0.168859,0.842657,full,2.0.3,en,zh,white
1dd9b96e-c7cb-476c-a7c7-4bfdf906b76f,zh,"Chinese (中文 (Zhōngwén), 汉语, 漢語)",1,0,7,草绿,草绿色,no,p3,0.671494,0.436547,0.414806,full,2.0.3,en,zh,white
1dd9b96e-c7cb-476c-a7c7-4bfdf906b76f,zh,"Chinese (中文 (Zhōngwén), 汉语, 漢語)",1,1,0,蓝,蓝色,yes,p3,0.706139,0.751631,0.849748,full,2.0.3,en,zh,white
1dd9b96e-c7cb-476c-a7c7-4bfdf906b76f,zh,"Chinese (中文 (Zhōngwén), 汉语, 漢語)",1,1,1,蓝,蓝色,no,p3,0.156218,0.558607,0.490677,full,2.0.3,en,zh,white
1dd9b96e-c7cb-476c-a7c7-4bfdf906b76f,zh,"Chinese (中文 (Zhōngwén), 汉语, 漢語)",1,1,2,蓝,蓝色,no,p3,0.707764,0.983289,0.297652,full,2.0.3,en,zh,white
1dd9b96e-c7cb-476c-a7c7-4bfdf906b76f,zh,"Chinese (中文 (Zhōngwén), 汉语, 漢語)",1,1,3,蓝,蓝色,no,p3,0.745112,0.127874,0.425116,full,2.0.3,en,zh,white
1dd9b96e-c7cb-476c-a7c7-4bfdf906b76f,zh,"Chinese (中文 (Zhōngwén), 汉语, 漢語)",1,1,4,蓝,蓝色,no,p3,0.54019,0.559061,0.498722,full,2.0.3,en,zh,white
1dd9b96e-c7cb-476c-a7c7-4bfdf906b76f,zh,"Chinese (中文 (Zhōngwén), 汉语, 漢語)",1,1,5,蓝,蓝色,no,p3,0.745702,0.185472,0.957348,full,2.0.3,en,zh,white
1dd9b96e-c7cb-476c-a7c7-4bfdf906b76f,zh,"Chinese (中文 (Zhōngwén), 汉语, 漢語)",1,1,6,蓝,蓝色,yes,p3,0.0456792,0.168859,0.842657,full,2.0.3,en,zh,white
1dd9b96e-c7cb-476c-a7c7-4bfdf906b76f,zh,"Chinese (中文 (Zhōngwén), 汉语, 漢語)",1,1,7,蓝,蓝色,no,p3,0.671494,0.436547,0.414806,full,2.0.3,en,zh,white
1dd9b96e-c7cb-476c-a7c7-4bfdf906b76f,zh,"Chinese (中文 (Zhōngwén), 汉语, 漢語)",1,2,0,深绿,深绿色,no,p3,0.706139,0.751631,0.849748,full,2.0.3,en,zh,white
1dd9b96e-c7cb-476c-a7c7-4bfdf906b76f,zh,"Chinese (中文 (Zhōngwén), 汉语, 漢語)",1,2,1,深绿,深绿色,yes,p3,0.156218,0.558607,0.490677,full,2.0.3,en,zh,white
1dd9b96e-c7cb-476c-a7c7-4bfdf906b76f,zh,"Chinese (中文 (Zhōngwén), 汉语, 漢語)",1,2,2,深绿,深绿色,no,p3,0.707764,0.983289,0.297652,full,2.0.3,en,zh,white
1dd9b96e-c7cb-476c-a7c7-4bfdf906b76f,zh,"Chinese (中文 (Zhōngwén), 汉语, 漢語)",1,2,3,深绿,深绿色,no,p3,0.745112,0.127874,0.425116,full,2.0.3,en,zh,white
1dd9b96e-c7cb-476c-a7c7-4bfdf906b76f,zh,"Chinese (中文 (Zhōngwén), 汉语, 漢語)",1,2,4,深绿,深绿色,no,p3,0.54019,0.559061,0.498722,full,2.0.3,en,zh,white
1dd9b96e-c7cb-476c-a7c7-4bfdf906b76f,zh,"Chinese (中文 (Zhōngwén), 汉语, 漢語)",1,2,5,深绿,深绿色,no,p3,0.745702,0.185472,0.957348,full,2.0.3,en,zh,white
1dd9b96e-c7cb-476c-a7c7-4bfdf906b76f,zh,"Chinese (中文 (Zhōngwén), 汉语, 漢語)",1,2,6,深绿,深绿色,no,p3,0.0456792,0.168859,0.842657,full,2.0.3,en,zh,white
1dd9b96e-c7cb-476c-a7c7-4bfdf906b76f,zh,"Chinese (中文 (Zhōngwén), 汉语, 漢語)",1,2,7,深绿,深绿色,no,p3,0.671494,0.436547,0.414806,full,2.0.3,en,zh,white
1dd9b96e-c7cb-476c-a7c7-4bfdf906b76f,zh,"Chinese (中文 (Zhōngwén), 汉语, 漢語)",1,3,0,浅紫,浅紫色,no,p3,0.706139,0.751631,0.849748,full,2.0.3,en,zh,white
1dd9b96e-c7cb-476c-a7c7-4bfdf906b76f,zh,"Chinese (中文 (Zhōngwén), 汉语, 漢語)",1,3,1,浅紫,浅紫色,no,p3,0.156218,0.558607,0.490677,full,2.0.3,en,zh,white
1dd9b96e-c7cb-476c-a7c7-4bfdf906b76f,zh,"Chinese (中文 (Zhōngwén), 汉语, 漢語)",1,3,2,浅紫,浅紫色,no,p3,0.707764,0.983289,0.297652,full,2.0.3,en,zh,white
1dd9b96e-c7cb-476c-a7c7-4bfdf906b76f,zh,"Chinese (中文 (Zhōngwén), 汉语, 漢語)",1,3,3,浅紫,浅紫色,no,p3,0.745112,0.127874,0.425116,full,2.0.3,en,zh,white
1dd9b96e-c7cb-476c-a7c7-4bfdf906b76f,zh,"Chinese (中文 (Zhōngwén), 汉语, 漢語)",1,3,4,浅紫,浅紫色,no,p3,0.54019,0.559061,0.498722,full,2.0.3,en,zh,white
1dd9b96e-c7cb-476c-a7c7-4bfdf906b76f,zh,"Chinese (中文 (Zhōngwén), 汉语, 漢語)",1,3,5,浅紫,浅紫色,yes,p3,0.745702,0.185472,0.957348,full,2.0.3,en,zh,white
1dd9b96e-c7cb-476c-a7c7-4bfdf906b76f,zh,"Chinese (中文 (Zhōngwén), 汉语, 漢語)",1,3,6,浅紫,浅紫色,no,p3,0.0456792,0.168859,0.842657,full,2.0.3,en,zh,white
1dd9b96e-c7cb-476c-a7c7-4bfdf906b76f,zh,"Chinese (中文 (Zhōngwén), 汉语, 漢語)",1,3,7,浅紫,浅紫色,no,p3,0.671494,0.436547,0.414806,full,2.0.3,en,zh,white
1dd9b96e-c7cb-476c-a7c7-4bfdf906b76f,zh,"Chinese (中文 (Zhōngwén), 汉语, 漢語)",3,0,0,蓝灰,蓝灰色,no,p3,0.402398,0.805607,0.866992,full,2.0.3,en,zh,white
1dd9b96e-c7cb-476c-a7c7-4bfdf906b76f,zh,"Chinese (中文 (Zhōngwén), 汉语, 漢語)",3,0,1,蓝灰,蓝灰色,no,p3,0.543111,0.41773,0.140993,full,2.0.3,en,zh,white
1dd9b96e-c7cb-476c-a7c7-4bfdf906b76f,zh,"Chinese (中文 (Zhōngwén), 汉语, 漢語)",3,0,2,蓝灰,蓝灰色,no,p3,0.931244,0.607174,0.783992,full,2.0.3,en,zh,white
1dd9b96e-c7cb-476c-a7c7-4bfdf906b76f,zh,"Chinese (中文 (Zhōngwén), 汉语, 漢語)",3,0,3,蓝灰,蓝灰色,no,p3,0.468633,0.977933,0.608075,full,2.0.3,en,zh,white
1dd9b96e-c7cb-476c-a7c7-4bfdf906b76f,zh,"Chinese (中文 (Zhōngwén), 汉语, 漢語)",3,0,4,蓝灰,蓝灰色,yes,p3,0.0322935,0.256979,0.307857,full,2.0.3,en,zh,white
1dd9b96e-c7cb-476c-a7c7-4bfdf906b76f,zh,"Chinese (中文 (Zhōngwén), 汉语, 漢語)",3,0,5,蓝灰,蓝灰色,no,p3,0.394534,0.61909,0.317951,full,2.0.3,en,zh,white
1dd9b96e-c7cb-476c-a7c7-4bfdf906b76f,zh,"Chinese (中文 (Zhōngwén), 汉语, 漢語)",3,0,6,蓝灰,蓝灰色,no,p3,0.412698,0.0263105,0.294071,full,2.0.3,en,zh,white
1dd9b96e-c7cb-476c-a7c7-4bfdf906b76f,zh,"Chinese (中文 (Zhōngwén), 汉语, 漢語)",3,0,7,蓝灰,蓝灰色,no,p3,0.592184,0.710979,0.0655741,full,2.0.3,en,zh,white
1dd9b96e-c7cb-476c-a7c7-4bfdf906b76f,zh,"Chinese (中文 (Zhōngwén), 汉语, 漢語)",3,1,0,蓝绿,蓝绿色,yes,p3,0.402398,0.805607,0.866992,full,2.0.3,en,zh,white
1dd9b96e-c7cb-476c-a7c7-4bfdf906b76f,zh,"Chinese (中文 (Zhōngwén), 汉语, 漢語)",3,1,1,蓝绿,蓝绿色,no,p3,0.543111,0.41773,0.140993,full,2.0.3,en,zh,white
1dd9b96e-c7cb-476c-a7c7-4bfdf906b76f,zh,"Chinese (中文 (Zhōngwén), 汉语, 漢語)",3,1,2,蓝绿,蓝绿色,no,p3,0.931244,0.607174,0.783992,full,2.0.3,en,zh,white
1dd9b96e-c7cb-476c-a7c7-4bfdf906b76f,zh,"Chinese (中文 (Zhōngwén), 汉语, 漢語)",3,1,3,蓝绿,蓝绿色,no,p3,0.468633,0.977933,0.608075,full,2.0.3,en,zh,white
1dd9b96e-c7cb-476c-a7c7-4bfdf906b76f,zh,"Chinese (中文 (Zhōngwén), 汉语, 漢語)",3,1,4,蓝绿,蓝绿色,no,p3,0.0322935,0.256979,0.307857,full,2.0.3,en,zh,white
1dd9b96e-c7cb-476c-a7c7-4bfdf906b76f,zh,"Chinese (中文 (Zhōngwén), 汉语, 漢語)",3,1,5,蓝绿,蓝绿色,no,p3,0.394534,0.61909,0.317951,full,2.0.3,en,zh,white
1dd9b96e-c7cb-476c-a7c7-4bfdf906b76f,zh,"Chinese (中文 (Zhōngwén), 汉语, 漢語)",3,1,6,蓝绿,蓝绿色,no,p3,0.412698,0.0263105,0.294071,full,2.0.3,en,zh,white
1dd9b96e-c7cb-476c-a7c7-4bfdf906b76f,zh,"Chinese (中文 (Zhōngwén), 汉语, 漢語)",3,1,7,蓝绿,蓝绿色,no,p3,0.592184,0.710979,0.0655741,full,2.0.3,en,zh,white
1dd9b96e-c7cb-476c-a7c7-4bfdf906b76f,zh,"Chinese (中文 (Zhōngwén), 汉语, 漢語)",3,2,0,粉,粉色,no,p3,0.402398,0.805607,0.866992,full,2.0.3,en,zh,white
1dd9b96e-c7cb-476c-a7c7-4bfdf906b76f,zh,"Chinese (中文 (Zhōngwén), 汉语, 漢語)",3,2,1,粉,粉色,no,p3,0.543111,0.41773,0.140993,full,2.0.3,en,zh,white
1dd9b96e-c7cb-476c-a7c7-4bfdf906b76f,zh,"Chinese (中文 (Zhōngwén), 汉语, 漢語)",3,2,2,粉,粉色,yes,p3,0.931244,0.607174,0.783992,full,2.0.3,en,zh,white
1dd9b96e-c7cb-476c-a7c7-4bfdf906b76f,zh,"Chinese (中文 (Zhōngwén), 汉语, 漢語)",3,2,3,粉,粉色,no,p3,0.468633,0.977933,0.608075,full,2.0.3,en,zh,white
1dd9b96e-c7cb-476c-a7c7-4bfdf906b76f,zh,"Chinese (中文 (Zhōngwén), 汉语, 漢語)",3,2,4,粉,粉色,no,p3,0.0322935,0.256979,0.307857,full,2.0.3,en,zh,white
1dd9b96e-c7cb-476c-a7c7-4bfdf906b76f,zh,"Chinese (中文 (Zhōngwén), 汉语, 漢語)",3,2,5,粉,粉色,no,p3,0.394534,0.61909,0.317951,full,2.0.3,en,zh,white
1dd9b96e-c7cb-476c-a7c7-4bfdf906b76f,zh,"Chinese (中文 (Zhōngwén), 汉语, 漢語)",3,2,6,粉,粉色,no,p3,0.412698,0.0263105,0.294071,full,2.0.3,en,zh,white
1dd9b96e-c7cb-476c-a7c7-4bfdf906b76f,zh,"Chinese (中文 (Zhōngwén), 汉语, 漢語)",3,2,7,粉,粉色,no,p3,0.592184,0.710979,0.0655741,full,2.0.3,en,zh,white
1dd9b96e-c7cb-476c-a7c7-4bfdf906b76f,zh,"Chinese (中文 (Zhōngwén), 汉语, 漢語)",3,3,0,浅绿,浅绿色,no,p3,0.402398,0.805607,0.866992,full,2.0.3,en,zh,white
1dd9b96e-c7cb-476c-a7c7-4bfdf906b76f,zh,"Chinese (中文 (Zhōngwén), 汉语, 漢語)",3,3,1,浅绿,浅绿色,no,p3,0.543111,0.41773,0.140993,full,2.0.3,en,zh,white
1dd9b96e-c7cb-476c-a7c7-4bfdf906b76f,zh,"Chinese (中文 (Zhōngwén), 汉语, 漢語)",3,3,2,浅绿,浅绿色,no,p3,0.931244,0.607174,0.783992,full,2.0.3,en,zh,white
1dd9b96e-c7cb-476c-a7c7-4bfdf906b76f,zh,"Chinese (中文 (Zhōngwén), 汉语, 漢語)",3,3,3,浅绿,浅绿色,yes,p3,0.468633,0.977933,0.608075,full,2.0.3,en,zh,white
1dd9b96e-c7cb-476c-a7c7-4bfdf906b76f,zh,"Chinese (中文 (Zhōngwén), 汉语, 漢語)",3,3,4,浅绿,浅绿色,no,p3,0.0322935,0.256979,0.307857,full,2.0.3,en,zh,white
1dd9b96e-c7cb-476c-a7c7-4bfdf906b76f,zh,"Chinese (中文 (Zhōngwén), 汉语, 漢語)",3,3,5,浅绿,浅绿色,no,p3,0.394534,0.61909,0.317951,full,2.0.3,en,zh,white
1dd9b96e-c7cb-476c-a7c7-4bfdf906b76f,zh,"Chinese (中文 (Zhōngwén), 汉语, 漢語)",3,3,6,浅绿,浅绿色,no,p3,0.412698,0.0263105,0.294071,full,2.0.3,en,zh,white
1dd9b96e-c7cb-476c-a7c7-4bfdf906b76f,zh,"Chinese (中文 (Zhōngwén), 汉语, 漢語)",3,3,7,浅绿,浅绿色,yes,p3,0.592184,0.710979,0.0655741,full,2.0.3,en,zh,white
1dd9b96e-c7cb-476c-a7c7-4bfdf906b76f,zh,"Chinese (中文 (Zhōngwén), 汉语, 漢語)",5,0,0,黑,黑色,no,p3,0.709131,0.566731,0.200147,full,2.0.3,en,zh,white
1dd9b96e-c7cb-476c-a7c7-4bfdf906b76f,zh,"Chinese (中文 (Zhōngwén), 汉语, 漢語)",5,0,1,黑,黑色,no,p3,0.170674,0.425606,0.914797,full,2.0.3,en,zh,white
1dd9b96e-c7cb-476c-a7c7-4bfdf906b76f,zh,"Chinese (中文 (Zhōngwén), 汉语, 漢語)",5,0,2,黑,黑色,yes,p3,0.179273,0.153917,0.122278,full,2.0.3,en,zh,white
1dd9b96e-c7cb-476c-a7c7-4bfdf906b76f,zh,"Chinese (中文 (Zhōngwén), 汉语, 漢語)",5,0,3,黑,黑色,no,p3,0.455071,0.626613,0.773691,full,2.0.3,en,zh,white
1dd9b96e-c7cb-476c-a7c7-4bfdf906b76f,zh,"Chinese (中文 (Zhōngwén), 汉语, 漢語)",5,0,4,黑,黑色,no,p3,0.536376,0.190318,0.907512,full,2.0.3,en,zh,white
1dd9b96e-c7cb-476c-a7c7-4bfdf906b76f,zh,"Chinese (中文 (Zhōngwén), 汉语, 漢語)",5,0,5,黑,黑色,no,p3,0.37393,0.270763,0.357316,full,2.0.3,en,zh,white
1dd9b96e-c7cb-476c-a7c7-4bfdf906b76f,zh,"Chinese (中文 (Zhōngwén), 汉语, 漢語)",5,0,6,黑,黑色,no,p3,0.00395512,0.0180581,0.250959,full,2.0.3,en,zh,white
1dd9b96e-c7cb-476c-a7c7-4bfdf906b76f,zh,"Chinese (中文 (Zhōngwén), 汉语, 漢語)",5,0,7,黑,黑色,no,p3,0.579598,0.0662688,0.31312,full,2.0.3,en,zh,white
1dd9b96e-c7cb-476c-a7c7-4bfdf906b76f,zh,"Chinese (中文 (Zhōngwén), 汉语, 漢語)",5,1,0,荧光绿,荧光绿色,no,p3,0.709131,0.566731,0.200147,full,2.0.3,en,zh,white
1dd9b96e-c7cb-476c-a7c7-4bfdf906b76f,zh,"Chinese (中文 (Zhōngwén), 汉语, 漢語)",5,1,1,荧光绿,荧光绿色,no,p3,0.170674,0.425606,0.914797,full,2.0.3,en,zh,white
1dd9b96e-c7cb-476c-a7c7-4bfdf906b76f,zh,"Chinese (中文 (Zhōngwén), 汉语, 漢語)",5,1,2,荧光绿,荧光绿色,no,p3,0.179273,0.153917,0.122278,full,2.0.3,en,zh,white
1dd9b96e-c7cb-476c-a7c7-4bfdf906b76f,zh,"Chinese (中文 (Zhōngwén), 汉语, 漢語)",5,1,3,荧光绿,荧光绿色,no,p3,0.455071,0.626613,0.773691,full,2.0.3,en,zh,white
1dd9b96e-c7cb-476c-a7c7-4bfdf906b76f,zh,"Chinese (中文 (Zhōngwén), 汉语, 漢語)",5,1,4,荧光绿,荧光绿色,no,p3,0.536376,0.190318,0.907512,full,2.0.3,en,zh,white
1dd9b96e-c7cb-476c-a7c7-4bfdf906b76f,zh,"Chinese (中文 (Zhōngwén), 汉语, 漢語)",5,1,5,荧光绿,荧光绿色,no,p3,0.37393,0.270763,0.357316,full,2.0.3,en,zh,white
1dd9b96e-c7cb-476c-a7c7-4bfdf906b76f,zh,"Chinese (中文 (Zhōngwén), 汉语, 漢語)",5,1,6,荧光绿,荧光绿色,no,p3,0.00395512,0.0180581,0.250959,full,2.0.3,en,zh,white
1dd9b96e-c7cb-476c-a7c7-4bfdf906b76f,zh,"Chinese (中文 (Zhōngwén), 汉语, 漢語)",5,1,7,荧光绿,荧光绿色,no,p3,0.579598,0.0662688,0.31312,full,2.0.3,en,zh,white
1dd9b96e-c7cb-476c-a7c7-4bfdf906b76f,zh,"Chinese (中文 (Zhōngwén), 汉语, 漢語)",5,2,0,蓝紫,蓝紫色,no,p3,0.709131,0.566731,0.200147,full,2.0.3,en,zh,white
1dd9b96e-c7cb-476c-a7c7-4bfdf906b76f,zh,"Chinese (中文 (Zhōngwén), 汉语, 漢語)",5,2,1,蓝紫,蓝紫色,no,p3,0.170674,0.425606,0.914797,full,2.0.3,en,zh,white
1dd9b96e-c7cb-476c-a7c7-4bfdf906b76f,zh,"Chinese (中文 (Zhōngwén), 汉语, 漢語)",5,2,2,蓝紫,蓝紫色,no,p3,0.179273,0.153917,0.122278,full,2.0.3,en,zh,white
1dd9b96e-c7cb-476c-a7c7-4bfdf906b76f,zh,"Chinese (中文 (Zhōngwén), 汉语, 漢語)",5,2,3,蓝紫,蓝紫色,no,p3,0.455071,0.626613,0.773691,full,2.0.3,en,zh,white
1dd9b96e-c7cb-476c-a7c7-4bfdf906b76f,zh,"Chinese (中文 (Zhōngwén), 汉语, 漢語)",5,2,4,蓝紫,蓝紫色,no,p3,0.536376,0.190318,0.907512,full,2.0.3,en,zh,white
1dd9b96e-c7cb-476c-a7c7-4bfdf906b76f,zh,"Chinese (中文 (Zhōngwén), 汉语, 漢語)",5,2,5,蓝紫,蓝紫色,somewhat,p3,0.37393,0.270763,0.357316,full,2.0.3,en,zh,white
1dd9b96e-c7cb-476c-a7c7-4bfdf906b76f,zh,"Chinese (中文 (Zhōngwén), 汉语, 漢語)",5,2,6,蓝紫,蓝紫色,no,p3,0.00395512,0.0180581,0.250959,full,2.0.3,en,zh,white
1dd9b96e-c7cb-476c-a7c7-4bfdf906b76f,zh,"Chinese (中文 (Zhōngwén), 汉语, 漢語)",5,2,7,蓝紫,蓝紫色,no,p3,0.579598,0.0662688,0.31312,full,2.0.3,en,zh,white
1dd9b96e-c7cb-476c-a7c7-4bfdf906b76f,zh,"Chinese (中文 (Zhōngwén), 汉语, 漢語)",5,3,0,深蓝,深蓝色,no,p3,0.709131,0.566731,0.200147,full,2.0.3,en,zh,white
1dd9b96e-c7cb-476c-a7c7-4bfdf906b76f,zh,"Chinese (中文 (Zhōngwén), 汉语, 漢語)",5,3,1,深蓝,深蓝色,no,p3,0.170674,0.425606,0.914797,full,2.0.3,en,zh,white
1dd9b96e-c7cb-476c-a7c7-4bfdf906b76f,zh,"Chinese (中文 (Zhōngwén), 汉语, 漢語)",5,3,2,深蓝,深蓝色,no,p3,0.179273,0.153917,0.122278,full,2.0.3,en,zh,white
1dd9b96e-c7cb-476c-a7c7-4bfdf906b76f,zh,"Chinese (中文 (Zhōngwén), 汉语, 漢語)",5,3,3,深蓝,深蓝色,no,p3,0.455071,0.626613,0.773691,full,2.0.3,en,zh,white
1dd9b96e-c7cb-476c-a7c7-4bfdf906b76f,zh,"Chinese (中文 (Zhōngwén), 汉语, 漢語)",5,3,4,深蓝,深蓝色,no,p3,0.536376,0.190318,0.907512,full,2.0.3,en,zh,white
1dd9b96e-c7cb-476c-a7c7-4bfdf906b76f,zh,"Chinese (中文 (Zhōngwén), 汉语, 漢語)",5,3,5,深蓝,深蓝色,no,p3,0.37393,0.270763,0.357316,full,2.0.3,en,zh,white
1dd9b96e-c7cb-476c-a7c7-4bfdf906b76f,zh,"Chinese (中文 (Zhōngwén), 汉语, 漢語)",5,3,6,深蓝,深蓝色,yes,p3,0.00395512,0.0180581,0.250959,full,2.0.3,en,zh,white
1dd9b96e-c7cb-476c-a7c7-4bfdf906b76f,zh,"Chinese (中文 (Zhōngwén), 汉语, 漢語)",5,3,7,深蓝,深蓝色,no,p3,0.579598,0.0662688,0.31312,full,2.0.3,en,zh,white
31c297dd-9110-49a1-804f-ae1957bf941b,zh,"Chinese (中文 (Zhōngwén), 汉语, 漢語)",1,0,0,大红,大红色,no,p3,0.0847301,0.870038,0.830803,full,2.0.3,en,en,black
31c297dd-9110-49a1-804f-ae1957bf941b,zh,"Chinese (中文 (Zhōngwén), 汉语, 漢語)",1,0,1,大红,大红色,no,p3,0.683949,0.813822,0.898472,full,2.0.3,en,en,black
31c297dd-9110-49a1-804f-ae1957bf941b,zh,"Chinese (中文 (Zhōngwén), 汉语, 漢語)",1,0,2,大红,大红色,no,p3,0.488972,0.0276446,0.344077,full,2.0.3,en,en,black
31c297dd-9110-49a1-804f-ae1957bf941b,zh,"Chinese (中文 (Zhōngwén), 汉语, 漢語)",1,0,3,大红,大红色,no,p3,0.561397,0.504478,0.927668,full,2.0.3,en,en,black
31c297dd-9110-49a1-804f-ae1957bf941b,zh,"Chinese (中文 (Zhōngwén), 汉语, 漢語)",1,0,4,大红,大红色,no,p3,0.382407,0.647761,0.269592,full,2.0.3,en,en,black
31c297dd-9110-49a1-804f-ae1957bf941b,zh,"Chinese (中文 (Zhōngwén), 汉语, 漢語)",1,0,5,大红,大红色,no,p3,0.192302,0.355298,0.258909,full,2.0.3,en,en,black
31c297dd-9110-49a1-804f-ae1957bf941b,zh,"Chinese (中文 (Zhōngwén), 汉语, 漢語)",1,0,6,大红,大红色,no,p3,0.0865149,0.0176209,0.00526399,full,2.0.3,en,en,black
31c297dd-9110-49a1-804f-ae1957bf941b,zh,"Chinese (中文 (Zhōngwén), 汉语, 漢語)",1,0,7,大红,大红色,yes,p3,0.953745,0.247519,0.319252,full,2.0.3,en,en,black
31c297dd-9110-49a1-804f-ae1957bf941b,zh,"Chinese (中文 (Zhōngwén), 汉语, 漢語)",1,1,0,深蓝,深蓝色,no,p3,0.0847301,0.870038,0.830803,full,2.0.3,en,en,black
31c297dd-9110-49a1-804f-ae1957bf941b,zh,"Chinese (中文 (Zhōngwén), 汉语, 漢語)",1,1,1,深蓝,深蓝色,no,p3,0.683949,0.813822,0.898472,full,2.0.3,en,en,black
31c297dd-9110-49a1-804f-ae1957bf941b,zh,"Chinese (中文 (Zhōngwén), 汉语, 漢語)",1,1,2,深蓝,深蓝色,no,p3,0.488972,0.0276446,0.344077,full,2.0.3,en,en,black
31c297dd-9110-49a1-804f-ae1957bf941b,zh,"Chinese (中文 (Zhōngwén), 汉语, 漢語)",1,1,3,深蓝,深蓝色,no,p3,0.561397,0.504478,0.927668,full,2.0.3,en,en,black
31c297dd-9110-49a1-804f-ae1957bf941b,zh,"Chinese (中文 (Zhōngwén), 汉语, 漢語)",1,1,4,深蓝,深蓝色,no,p3,0.382407,0.647761,0.269592,full,2.0.3,en,en,black
31c297dd-9110-49a1-804f-ae1957bf941b,zh,"Chinese (中文 (Zhōngwén), 汉语, 漢語)",1,1,5,深蓝,深蓝色,no,p3,0.192302,0.355298,0.258909,full,2.0.3,en,en,black
31c297dd-9110-49a1-804f-ae1957bf941b,zh,"Chinese (中文 (Zhōngwén), 汉语, 漢語)",1,1,6,深蓝,深蓝色,no,p3,0.0865149,0.0176209,0.00526399,full,2.0.3,en,en,black
31c297dd-9110-49a1-804f-ae1957bf941b,zh,"Chinese (中文 (Zhōngwén), 汉语, 漢語)",1,1,7,深蓝,深蓝色,no,p3,0.953745,0.247519,0.319252,full,2.0.3,en,en,black
31c297dd-9110-49a1-804f-ae1957bf941b,zh,"Chinese (中文 (Zhōngwén), 汉语, 漢語)",1,2,0,深粉,深粉色,no,p3,0.0847301,0.870038,0.830803,full,2.0.3,en,en,black
31c297dd-9110-49a1-804f-ae1957bf941b,zh,"Chinese (中文 (Zhōngwén), 汉语, 漢語)",1,2,1,深粉,深粉色,no,p3,0.683949,0.813822,0.898472,full,2.0.3,en,en,black
31c297dd-9110-49a1-804f-ae1957bf941b,zh,"Chinese (中文 (Zhōngwén), 汉语, 漢語)",1,2,2,深粉,深粉色,no,p3,0.488972,0.0276446,0.344077,full,2.0.3,en,en,black
31c297dd-9110-49a1-804f-ae1957bf941b,zh,"Chinese (中文 (Zhōngwén), 汉语, 漢語)",1,2,3,深粉,深粉色,no,p3,0.561397,0.504478,0.927668,full,2.0.3,en,en,black
31c297dd-9110-49a1-804f-ae1957bf941b,zh,"Chinese (中文 (Zhōngwén), 汉语, 漢語)",1,2,4,深粉,深粉色,no,p3,0.382407,0.647761,0.269592,full,2.0.3,en,en,black
31c297dd-9110-49a1-804f-ae1957bf941b,zh,"Chinese (中文 (Zhōngwén), 汉语, 漢語)",1,2,5,深粉,深粉色,no,p3,0.192302,0.355298,0.258909,full,2.0.3,en,en,black
31c297dd-9110-49a1-804f-ae1957bf941b,zh,"Chinese (中文 (Zhōngwén), 汉语, 漢語)",1,2,6,深粉,深粉色,no,p3,0.0865149,0.0176209,0.00526399,full,2.0.3,en,en,black
31c297dd-9110-49a1-804f-ae1957bf941b,zh,"Chinese (中文 (Zhōngwén), 汉语, 漢語)",1,2,7,深粉,深粉色,no,p3,0.953745,0.247519,0.319252,full,2.0.3,en,en,black
31c297dd-9110-49a1-804f-ae1957bf941b,zh,"Chinese (中文 (Zhōngwén), 汉语, 漢語)",1,3,0,浅紫,浅紫色,no,p3,0.0847301,0.870038,0.830803,full,2.0.3,en,en,black
31c297dd-9110-49a1-804f-ae1957bf941b,zh,"Chinese (中文 (Zhōngwén), 汉语, 漢語)",1,3,1,浅紫,浅紫色,no,p3,0.683949,0.813822,0.898472,full,2.0.3,en,en,black
31c297dd-9110-49a1-804f-ae1957bf941b,zh,"Chinese (中文 (Zhōngwén), 汉语, 漢語)",1,3,2,浅紫,浅紫色,no,p3,0.488972,0.0276446,0.344077,full,2.0.3,en,en,black
31c297dd-9110-49a1-804f-ae1957bf941b,zh,"Chinese (中文 (Zhōngwén), 汉语, 漢語)",1,3,3,浅紫,浅紫色,somewhat,p3,0.561397,0.504478,0.927668,full,2.0.3,en,en,black
31c297dd-9110-49a1-804f-ae1957bf941b,zh,"Chinese (中文 (Zhōngwén), 汉语, 漢語)",1,3,4,浅紫,浅紫色,no,p3,0.382407,0.647761,0.269592,full,2.0.3,en,en,black
31c297dd-9110-49a1-804f-ae1957bf941b,zh,"Chinese (中文 (Zhōngwén), 汉语, 漢語)",1,3,5,浅紫,浅紫色,no,p3,0.192302,0.355298,0.258909,full,2.0.3,en,en,black
31c297dd-9110-49a1-804f-ae1957bf941b,zh,"Chinese (中文 (Zhōngwén), 汉语, 漢語)",1,3,6,浅紫,浅紫色,no,p3,0.0865149,0.0176209,0.00526399,full,2.0.3,en,en,black
31c297dd-9110-49a1-804f-ae1957bf941b,zh,"Chinese (中文 (Zhōngwén), 汉语, 漢語)",1,3,7,浅紫,浅紫色,no,p3,0.953745,0.247519,0.319252,full,2.0.3,en,en,black
31c297dd-9110-49a1-804f-ae1957bf941b,zh,"Chinese (中文 (Zhōngwén), 汉语, 漢語)",3,0,0,橘,橘色,no,p3,0.782755,0.99643,0.350219,full,2.0.3,en,en,black
31c297dd-9110-49a1-804f-ae1957bf941b,zh,"Chinese (中文 (Zhōngwén), 汉语, 漢語)",3,0,1,橘,橘色,no,p3,0.0138763,0.0580124,0.45329,full,2.0.3,en,en,black
31c297dd-9110-49a1-804f-ae1957bf941b,zh,"Chinese (中文 (Zhōngwén), 汉语, 漢語)",3,0,2,橘,橘色,no,p3,0.683953,0.240348,0.203588,full,2.0.3,en,en,black
31c297dd-9110-49a1-804f-ae1957bf941b,zh,"Chinese (中文 (Zhōngwén), 汉语, 漢語)",3,0,3,橘,橘色,no,p3,0.344,0.647518,0.917091,full,2.0.3,en,en,black
31c297dd-9110-49a1-804f-ae1957bf941b,zh,"Chinese (中文 (Zhōngwén), 汉语, 漢語)",3,0,4,橘,橘色,no,p3,0.0792718,0.286628,0.784477,full,2.0.3,en,en,black
31c297dd-9110-49a1-804f-ae1957bf941b,zh,"Chinese (中文 (Zhōngwén), 汉语, 漢語)",3,0,5,橘,橘色,no,p3,0.409979,0.318321,0.213488,full,2.0.3,en,en,black
31c297dd-9110-49a1-804f-ae1957bf941b,zh,"Chinese (中文 (Zhōngwén), 汉语, 漢語)",3,0,6,橘,橘色,no,p3,0.624354,0.473969,0.330153,full,2.0.3,en,en,black
31c297dd-9110-49a1-804f-ae1957bf941b,zh,"Chinese (中文 (Zhōngwén), 汉语, 漢語)",3,0,7,橘,橘色,no,p3,0.315562,0.793769,0.983766,full,2.0.3,en,en,black
31c297dd-9110-49a1-804f-ae1957bf941b,zh,"Chinese (中文 (Zhōngwén), 汉语, 漢語)",3,1,0,咖啡,咖啡色,no,p3,0.782755,0.99643,0.350219,full,2.0.3,en,en,black
31c297dd-9110-49a1-804f-ae1957bf941b,zh,"Chinese (中文 (Zhōngwén), 汉语, 漢語)",3,1,1,咖啡,咖啡色,no,p3,0.0138763,0.0580124,0.45329,full,2.0.3,en,en,black
31c297dd-9110-49a1-804f-ae1957bf941b,zh,"Chinese (中文 (Zhōngwén), 汉语, 漢語)",3,1,2,咖啡,咖啡色,no,p3,0.683953,0.240348,0.203588,full,2.0.3,en,en,black
31c297dd-9110-49a1-804f-ae1957bf941b,zh,"Chinese (中文 (Zhōngwén), 汉语, 漢語)",3,1,3,咖啡,咖啡色,no,p3,0.344,0.647518,0.917091,full,2.0.3,en,en,black
31c297dd-9110-49a1-804f-ae1957bf941b,zh,"Chinese (中文 (Zhōngwén), 汉语, 漢語)",3,1,4,咖啡,咖啡色,no,p3,0.0792718,0.286628,0.784477,full,2.0.3,en,en,black
31c297dd-9110-49a1-804f-ae1957bf941b,zh,"Chinese (中文 (Zhōngwén), 汉语, 漢語)",3,1,5,咖啡,咖啡色,yes,p3,0.409979,0.318321,0.213488,full,2.0.3,en,en,black
31c297dd-9110-49a1-804f-ae1957bf941b,zh,"Chinese (中文 (Zhōngwén), 汉语, 漢語)",3,1,6,咖啡,咖啡色,yes,p3,0.624354,0.473969,0.330153,full,2.0.3,en,en,black
31c297dd-9110-49a1-804f-ae1957bf941b,zh,"Chinese (中文 (Zhōngwén), 汉语, 漢語)",3,1,7,咖啡,咖啡色,no,p3,0.315562,0.793769,0.983766,full,2.0.3,en,en,black
31c297dd-9110-49a1-804f-ae1957bf941b,zh,"Chinese (中文 (Zhōngwén), 汉语, 漢語)",3,2,0,湖蓝,湖蓝色,no,p3,0.782755,0.99643,0.350219,full,2.0.3,en,en,black
31c297dd-9110-49a1-804f-ae1957bf941b,zh,"Chinese (中文 (Zhōngwén), 汉语, 漢語)",3,2,1,湖蓝,湖蓝色,no,p3,0.0138763,0.0580124,0.45329,full,2.0.3,en,en,black
31c297dd-9110-49a1-804f-ae1957bf941b,zh,"Chinese (中文 (Zhōngwén), 汉语, 漢語)",3,2,2,湖蓝,湖蓝色,no,p3,0.683953,0.240348,0.203588,full,2.0.3,en,en,black
31c297dd-9110-49a1-804f-ae1957bf941b,zh,"Chinese (中文 (Zhōngwén), 汉语, 漢語)",3,2,3,湖蓝,湖蓝色,yes,p3,0.344,0.647518,0.917091,full,2.0.3,en,en,black
31c297dd-9110-49a1-804f-ae1957bf941b,zh,"Chinese (中文 (Zhōngwén), 汉语, 漢語)",3,2,4,湖蓝,湖蓝色,no,p3,0.0792718,0.286628,0.784477,full,2.0.3,en,en,black
31c297dd-9110-49a1-804f-ae1957bf941b,zh,"Chinese (中文 (Zhōngwén), 汉语, 漢語)",3,2,5,湖蓝,湖蓝色,no,p3,0.409979,0.318321,0.213488,full,2.0.3,en,en,black
31c297dd-9110-49a1-804f-ae1957bf941b,zh,"Chinese (中文 (Zhōngwén), 汉语, 漢語)",3,2,6,湖蓝,湖蓝色,no,p3,0.624354,0.473969,0.330153,full,2.0.3,en,en,black
31c297dd-9110-49a1-804f-ae1957bf941b,zh,"Chinese (中文 (Zhōngwén), 汉语, 漢語)",3,2,7,湖蓝,湖蓝色,yes,p3,0.315562,0.793769,0.983766,full,2.0.3,en,en,black
31c297dd-9110-49a1-804f-ae1957bf941b,zh,"Chinese (中文 (Zhōngwén), 汉语, 漢語)",3,3,0,黄,黄色,somewhat,p3,0.782755,0.99643,0.350219,full,2.0.3,en,en,black
31c297dd-9110-49a1-804f-ae1957bf941b,zh,"Chinese (中文 (Zhōngwén), 汉语, 漢語)",3,3,1,黄,黄色,no,p3,0.0138763,0.0580124,0.45329,full,2.0.3,en,en,black
31c297dd-9110-49a1-804f-ae1957bf941b,zh,"Chinese (中文 (Zhōngwén), 汉语, 漢語)",3,3,2,黄,黄色,no,p3,0.683953,0.240348,0.203588,full,2.0.3,en,en,black
31c297dd-9110-49a1-804f-ae1957bf941b,zh,"Chinese (中文 (Zhōngwén), 汉语, 漢語)",3,3,3,黄,黄色,no,p3,0.344,0.647518,0.917091,full,2.0.3,en,en,black
31c297dd-9110-49a1-804f-ae1957bf941b,zh,"Chinese (中文 (Zhōngwén), 汉语, 漢語)",3,3,4,黄,黄色,no,p3,0.0792718,0.286628,0.784477,full,2.0.3,en,en,black
31c297dd-9110-49a1-804f-ae1957bf941b,zh,"Chinese (中文 (Zhōngwén), 汉语, 漢語)",3,3,5,黄,黄色,no,p3,0.409979,0.318321,0.213488,full,2.0.3,en,en,black
31c297dd-9110-49a1-804f-ae1957bf941b,zh,"Chinese (中文 (Zhōngwén), 汉语, 漢語)",3,3,6,黄,黄色,no,p3,0.624354,0.473969,0.330153,full,2.0.3,en,en,black
31c297dd-9110-49a1-804f-ae1957bf941b,zh,"Chinese (中文 (Zhōngwén), 汉语, 漢語)",3,3,7,黄,黄色,no,p3,0.315562,0.793769,0.983766,full,2.0.3,en,en,black
31c297dd-9110-49a1-804f-ae1957bf941b,zh,"Chinese (中文 (Zhōngwén), 汉语, 漢語)",5,0,0,浅绿,浅绿色,no,p3,0.000028448,0,0,full,2.0.3,en,en,black
31c297dd-9110-49a1-804f-ae1957bf941b,zh,"Chinese (中文 (Zhōngwén), 汉语, 漢語)",5,0,1,浅绿,浅绿色,no,p3,0.390188,0.910316,0.258409,full,2.0.3,en,en,black
31c297dd-9110-49a1-804f-ae1957bf941b,zh,"Chinese (中文 (Zhōngwén), 汉语, 漢語)",5,0,2,浅绿,浅绿色,no,p3,0.695677,0.626081,0.205259,full,2.0.3,en,en,black
31c297dd-9110-49a1-804f-ae1957bf941b,zh,"Chinese (中文 (Zhōngwén), 汉语, 漢語)",5,0,3,浅绿,浅绿色,no,p3,0.294759,0.130416,0.243144,full,2.0.3,en,en,black
31c297dd-9110-49a1-804f-ae1957bf941b,zh,"Chinese (中文 (Zhōngwén), 汉语, 漢語)",5,0,4,浅绿,浅绿色,no,p3,0.820556,0.241414,0.970569,full,2.0.3,en,en,black
31c297dd-9110-49a1-804f-ae1957bf941b,zh,"Chinese (中文 (Zhōngwén), 汉语, 漢語)",5,0,5,浅绿,浅绿色,no,p3,0.455679,0.629779,0.581644,full,2.0.3,en,en,black
31c297dd-9110-49a1-804f-ae1957bf941b,zh,"Chinese (中文 (Zhōngwén), 汉语, 漢語)",5,0,6,浅绿,浅绿色,somewhat,p3,0.518363,0.765758,0.627369,full,2.0.3,en,en,black
31c297dd-9110-49a1-804f-ae1957bf941b,zh,"Chinese (中文 (Zhōngwén), 汉语, 漢語)",5,0,7,浅绿,浅绿色,no,p3,0.583679,0.318599,0.832281,full,2.0.3,en,en,black
31c297dd-9110-49a1-804f-ae1957bf941b,zh,"Chinese (中文 (Zhōngwén), 汉语, 漢語)",5,1,0,深绿,深绿色,no,p3,0.000028448,0,0,full,2.0.3,en,en,black
31c297dd-9110-49a1-804f-ae1957bf941b,zh,"Chinese (中文 (Zhōngwén), 汉语, 漢語)",5,1,1,深绿,深绿色,no,p3,0.390188,0.910316,0.258409,full,2.0.3,en,en,black
31c297dd-9110-49a1-804f-ae1957bf941b,zh,"Chinese (中文 (Zhōngwén), 汉语, 漢語)",5,1,2,深绿,深绿色,no,p3,0.695677,0.626081,0.205259,full,2.0.3,en,en,black
31c297dd-9110-49a1-804f-ae1957bf941b,zh,"Chinese (中文 (Zhōngwén), 汉语, 漢語)",5,1,3,深绿,深绿色,no,p3,0.294759,0.130416,0.243144,full,2.0.3,en,en,black
31c297dd-9110-49a1-804f-ae1957bf941b,zh,"Chinese (中文 (Zhōngwén), 汉语, 漢語)",5,1,4,深绿,深绿色,no,p3,0.820556,0.241414,0.970569,full,2.0.3,en,en,black
31c297dd-9110-49a1-804f-ae1957bf941b,zh,"Chinese (中文 (Zhōngwén), 汉语, 漢語)",5,1,5,深绿,深绿色,no,p3,0.455679,0.629779,0.581644,full,2.0.3,en,en,black
31c297dd-9110-49a1-804f-ae1957bf941b,zh,"Chinese (中文 (Zhōngwén), 汉语, 漢語)",5,1,6,深绿,深绿色,no,p3,0.518363,0.765758,0.627369,full,2.0.3,en,en,black
31c297dd-9110-49a1-804f-ae1957bf941b,zh,"Chinese (中文 (Zhōngwén), 汉语, 漢語)",5,1,7,深绿,深绿色,no,p3,0.583679,0.318599,0.832281,full,2.0.3,en,en,black
31c297dd-9110-49a1-804f-ae1957bf941b,zh,"Chinese (中文 (Zhōngwén), 汉语, 漢語)",5,2,0,青,青色,no,p3,0.000028448,0,0,full,2.0.3,en,en,black
31c297dd-9110-49a1-804f-ae1957bf941b,zh,"Chinese (中文 (Zhōngwén), 汉语, 漢語)",5,2,1,青,青色,no,p3,0.390188,0.910316,0.258409,full,2.0.3,en,en,black
31c297dd-9110-49a1-804f-ae1957bf941b,zh,"Chinese (中文 (Zhōngwén), 汉语, 漢語)",5,2,2,青,青色,no,p3,0.695677,0.626081,0.205259,full,2.0.3,en,en,black
31c297dd-9110-49a1-804f-ae1957bf941b,zh,"Chinese (中文 (Zhōngwén), 汉语, 漢語)",5,2,3,青,青色,no,p3,0.294759,0.130416,0.243144,full,2.0.3,en,en,black
31c297dd-9110-49a1-804f-ae1957bf941b,zh,"Chinese (中文 (Zhōngwén), 汉语, 漢語)",5,2,4,青,青色,no,p3,0.820556,0.241414,0.970569,full,2.0.3,en,en,black
31c297dd-9110-49a1-804f-ae1957bf941b,zh,"Chinese (中文 (Zhōngwén), 汉语, 漢語)",5,2,5,青,青色,no,p3,0.455679,0.629779,0.581644,full,2.0.3,en,en,black
31c297dd-9110-49a1-804f-ae1957bf941b,zh,"Chinese (中文 (Zhōngwén), 汉语, 漢語)",5,2,6,青,青色,no,p3,0.518363,0.765758,0.627369,full,2.0.3,en,en,black
31c297dd-9110-49a1-804f-ae1957bf941b,zh,"Chinese (中文 (Zhōngwén), 汉语, 漢語)",5,2,7,青,青色,no,p3,0.583679,0.318599,0.832281,full,2.0.3,en,en,black
31c297dd-9110-49a1-804f-ae1957bf941b,zh,"Chinese (中文 (Zhōngwén), 汉语, 漢語)",5,3,0,草绿,草绿色,no,p3,0.000028448,0,0,full,2.0.3,en,en,black
31c297dd-9110-49a1-804f-ae1957bf941b,zh,"Chinese (中文 (Zhōngwén), 汉语, 漢語)",5,3,1,草绿,草绿色,somewhat,p3,0.390188,0.910316,0.258409,full,2.0.3,en,en,black
31c297dd-9110-49a1-804f-ae1957bf941b,zh,"Chinese (中文 (Zhōngwén), 汉语, 漢語)",5,3,2,草绿,草绿色,no,p3,0.695677,0.626081,0.205259,full,2.0.3,en,en,black
31c297dd-9110-49a1-804f-ae1957bf941b,zh,"Chinese (中文 (Zhōngwén), 汉语, 漢語)",5,3,3,草绿,草绿色,no,p3,0.294759,0.130416,0.243144,full,2.0.3,en,en,black
31c297dd-9110-49a1-804f-ae1957bf941b,zh,"Chinese (中文 (Zhōngwén), 汉语, 漢語)",5,3,4,草绿,草绿色,no,p3,0.820556,0.241414,0.970569,full,2.0.3,en,en,black
31c297dd-9110-49a1-804f-ae1957bf941b,zh,"Chinese (中文 (Zhōngwén), 汉语, 漢語)",5,3,5,草绿,草绿色,somewhat,p3,0.455679,0.629779,0.581644,full,2.0.3,en,en,black
31c297dd-9110-49a1-804f-ae1957bf941b,zh,"Chinese (中文 (Zhōngwén), 汉语, 漢語)",5,3,6,草绿,草绿色,yes,p3,0.518363,0.765758,0.627369,full,2.0.3,en,en,black
31c297dd-9110-49a1-804f-ae1957bf941b,zh,"Chinese (中文 (Zhōngwén), 汉语, 漢語)",5,3,7,草绿,草绿色,no,p3,0.583679,0.318599,0.832281,full,2.0.3,en,en,black
