participantId, reason
"4598"
"5348", "appears to be random color names in no way related to shown color"
"5860"
"6742"
"6759"
"6870"
"6850"
"7111"
"7454"
"7583"
"7916"
"7983"
"8359"
"8359"
"8844"
"9386"
"9629"
"10253"
"10376"
"10376"
"11033"
"15669"
"15724"
"18553", mix of English and nonsense
"18863", mix of Hungarian(?) and nonsense
"18992"
"20799"
"21257"
"21866"
"9096", mix of english and possibly german,
"2892bcad-6cb7-4f52-9fe5-29734208e0a4", mix of English and possibly Nepali or Hindi
"9ea3a12e-2099-450e-9472-a4277ff45f4b",
"04129097-494e-4f38-98c6-4ad0d40cdc33", many just "na"
"e9643678-4b43-410c-be9e-cf9015c2ad49", repeated word